Metric,Zipcode,Last_10_Febr,First_10_March,Middle_10_March,Last_10_March
Perc_time,60601,49.2,42.3,61,34.9
Perc_time,60654,55.2,56.5,68.8,39.8
Perc_time,60611,63.1,63.5,75.1,68.5
Perc_time,60604,70.4,75.8,81.6,68.6
Perc_time,60411,66.7,67,72.5,87.6
Perc_time,60661,61.5,63.3,72.7,90.1
Perc_time,60018,68.8,66.7,76.2,90.4
Perc_time,60428,71,69.4,78.5,94.1
Perc_time,60476,62.2,62.7,66.4,94.5
Perc_time,60612,69.6,70.5,77.2,94.6
Perc_time,60637,74.1,73.5,82,95
Perc_time,60419,77,76.4,83.1,95.1
Perc_time,60160,69.9,69,74.7,95.1
Perc_time,60473,70.8,74.3,80.4,95.5
Perc_time,60501,69,70.8,78.6,95.6
Perc_time,60426,78.5,78,86.9,96
Perc_time,60406,72.3,74.5,80.8,96.1
Perc_time,60475,77.2,76.5,83.9,96.2
Perc_time,60176,71.4,69.9,79.4,96.4
Perc_time,60624,75.7,76.3,83.3,96.5
Perc_time,60007,68.5,70.5,78.6,96.5
Perc_time,60458,73.6,75.2,79.7,96.5
Perc_time,60165,75.5,74.6,81.8,96.5
Perc_time,60827,73.4,75.3,84.3,96.9
Perc_time,60482,73.2,73.9,81.6,97
Perc_time,60162,76.5,76,84.3,97.1
Perc_time,60471,74,72.2,80,97.1
Perc_time,60455,76.4,74,82.9,97.2
Perc_time,60480,72.4,56.9,71.7,97.2
Perc_time,60610,67.5,69.7,84.3,97.3
Perc_time,60010,76.2,71.8,86.8,97.3
Perc_time,60621,76.3,78.1,86.1,97.4
Perc_time,60131,71.5,72.8,77.8,97.5
Perc_time,60130,67.9,71.2,83.3,97.5
Perc_time,60472,75.5,75.1,85.7,97.6
Perc_time,60653,71.4,71.8,81.7,97.7
Perc_time,60628,76.7,77.3,86.5,98
Perc_time,60153,72.1,74.5,82.4,98.1
Perc_time,60445,72.7,71.5,81.3,98.1
Perc_time,60201,71.7,72.7,86.6,98.2
Perc_time,60623,77.2,76.6,84,98.2
Perc_time,60607,73.7,75.2,84.9,98.2
Perc_time,60155,72.3,71.3,80.2,98.3
Perc_time,60644,74.8,76.9,84.5,98.3
Perc_time,60141,73.3,80.3,85.8,98.3
Perc_time,60469,74.5,75.5,82.6,98.3
Perc_time,60636,77.9,78.3,85.8,98.3
Perc_time,60163,73.4,71.9,84.2,98.4
Perc_time,60534,74,72.3,80.9,98.4
Perc_time,60615,76.2,76.5,85.6,98.4
Perc_time,60652,72.7,74.6,82.7,98.5
Perc_time,60478,74.5,76.9,84.1,98.6
Perc_time,60804,75.5,75.9,82.8,98.6
Perc_time,60525,71.5,71.3,84.3,98.7
Perc_time,60651,75.9,75.6,83.1,98.7
Perc_time,60803,72.9,74.7,82.8,98.7
Perc_time,60619,74.7,75.4,82.9,98.7
Perc_time,60402,73.5,73.8,81.7,98.7
Perc_time,60639,74.2,74.3,83,98.8
Perc_time,60120,75.7,75,83.3,98.8
Perc_time,60457,74.8,75.6,84,98.8
Perc_time,60620,75,76.6,85.6,98.8
Perc_time,60164,73,73.9,82.4,98.8
Perc_time,60452,73.5,73.9,83,98.9
Perc_time,60104,72.5,72,81.5,98.9
Perc_time,60461,74.2,78.1,88,98.9
Perc_time,60465,75,76.1,83.3,98.9
Perc_time,60425,76.7,77.5,85.8,98.9
Perc_time,60171,73.2,72.5,80.6,99
Perc_time,60429,77,78.7,86.2,99
Perc_time,60605,67.7,69.5,82.3,99
Perc_time,60090,73.4,72.9,84.2,99
Perc_time,60430,74.8,74.6,84.7,99
Perc_time,60005,72.7,71.6,82.9,99.1
Perc_time,60415,76.4,77.3,85.8,99.1
Perc_time,60118,70.1,70.2,80.6,99.1
Perc_time,60439,73.4,73,84.3,99.1
Perc_time,60453,74.5,75.4,85.9,99.1
Perc_time,60443,73.6,73.5,82.7,99.1
Perc_time,60655,75.7,74.1,83.7,99.2
Perc_time,60070,74.5,73.8,84.8,99.2
Perc_time,60074,72.7,74.7,84.3,99.2
Perc_time,60107,75.9,75.6,85.3,99.2
Perc_time,60456,74.5,75.2,83.2,99.2
Perc_time,60527,73.3,73.5,85.2,99.2
Perc_time,60638,72.7,73,82.8,99.2
Perc_time,60805,73.4,74.3,85.7,99.2
Perc_time,60463,71.5,73.9,82.2,99.2
Perc_time,60102,74.1,72,84.1,99.2
Perc_time,60706,74.4,72.6,83.5,99.3
Perc_time,60194,74.4,72.3,82.5,99.3
Perc_time,60609,77.1,78.2,86.6,99.3
Perc_time,60133,75.1,73.8,83.9,99.3
Perc_time,60466,78.1,79.1,86.3,99.3
Perc_time,60467,73,73.7,83.8,99.3
Perc_time,60089,72.6,73.3,83.9,99.4
Perc_time,60656,73.2,73.2,81.7,99.4
Perc_time,60173,74.6,74.1,84.3,99.4
Perc_time,60477,75.7,76.1,84.6,99.4
Perc_time,60526,72.1,72.4,83.8,99.4
Perc_time,60305,76.2,73.9,84.6,99.4
Perc_time,60487,74.8,73.4,84.2,99.4
Perc_time,60523,73.6,72.4,85.4,99.4
Perc_time,60632,75.4,75.9,84,99.5
Perc_time,60634,73.3,73.1,82.5,99.5
Perc_time,60192,77.4,72.9,85.5,99.5
Perc_time,60714,74,73.9,86,99.5
Perc_time,60169,73.3,73.8,84.1,99.5
Perc_time,60459,75.3,77,85.3,99.5
Perc_time,60608,73.6,73.8,83.8,99.5
Perc_time,60643,74.4,75.2,85.2,99.5
Perc_time,60008,73.4,74.4,85.3,99.5
Perc_time,60422,75.7,76.8,84.4,99.5
Perc_time,60707,73.7,74.9,84.1,99.6
Perc_time,60016,74.4,74.3,85.7,99.6
Perc_time,60193,75.2,74.1,84.9,99.6
Perc_time,60614,71.1,73.5,86.4,99.6
Perc_time,60172,73.2,72.5,82.8,99.6
Perc_time,60629,77.1,76,84.4,99.6
Perc_time,60103,77.2,76.1,86.5,99.7
Perc_time,60056,73.9,73.2,85,99.7
Perc_time,60647,74.4,75.8,86.3,99.7
Perc_time,60068,74,73.4,85.2,99.7
Perc_time,60076,75.7,74.6,86,99.7
Perc_time,60202,74.1,75,85.8,99.7
Perc_time,60630,73.5,73.8,84.7,99.7
Perc_time,60026,72.7,72.8,86.2,99.7
Perc_time,60464,73,73.5,84.3,99.7
Perc_time,60067,74.1,72.8,85.7,99.7
Perc_time,60513,74.2,72.8,85.1,99.7
Perc_time,60641,74.7,74.5,85,99.7
Perc_time,60077,77.9,77.5,88.2,99.7
Perc_time,60154,74.4,76,87.2,99.7
Perc_time,60626,75.3,74.8,87,99.7
Perc_time,60631,73.2,73.4,83.9,99.7
Perc_time,60004,74.5,72.8,86.2,99.8
Perc_time,60616,74.5,76.6,87.1,99.8
Perc_time,60642,70.6,71.6,86.8,99.8
Perc_time,60029,76.1,75.8,88,99.8
Perc_time,60462,74,74.9,85.1,99.8
Perc_time,60025,76.6,76.8,87.2,99.8
Perc_time,60053,73.8,74.1,85,99.8
Perc_time,60622,72.8,73.8,86.2,99.8
Perc_time,60660,73.6,75.3,89.7,99.8
Perc_time,60645,78.5,79.7,88.2,99.8
Perc_time,60302,74,74.6,88.1,99.9
Perc_time,60022,75.2,74.7,88.6,99.9
Perc_time,60126,73.1,74.1,86.7,99.9
Perc_time,60625,74.4,74.9,86.8,99.9
Perc_time,60062,73.7,73.9,87.2,99.9
Perc_time,60301,73.4,73.8,88,99.9
Perc_time,60659,77.4,79.9,87.8,99.9
Perc_time,60093,74.7,74.1,88.6,99.9
Perc_time,60521,73.2,73,87.8,99.9
Perc_time,60613,70.8,75.1,88,99.9
Perc_time,60195,73.4,74.5,86.1,99.9
Perc_time,60304,75.2,75.2,86.9,99.9
Perc_time,60448,77,80.2,86.7,99.9
Perc_time,60546,72.2,73.7,86.5,99.9
Perc_time,60646,72.8,74,85.9,99.9
Perc_time,60657,69.1,73,86.7,99.9
Perc_time,60203,74.5,74.8,88,100
Perc_time,60640,76,78.5,90,100
Perc_time,60091,73.1,74.3,88.6,100
Perc_time,60558,74.4,73.9,86.2,100
Perc_time,60712,76.6,79,88.3,100
Perc_time,60043,77.6,77.8,90.7,100
Perc_time,60618,74.8,76.2,87.6,100
Full_time,60005,0.09876063183475091130012150668,0.1026488480145614791397231403,0.07581149574032136309716380891,0.03201031505774189931606682363
Full_time,60103,0.07739956699542939619918210248,0.08217090610713867073027781034,0.06709540542332427235961015713,0.02805417357656163626312880044
Full_time,60155,0.08211678832116788321167883212,0.07899934167215273206056616195,0.05711332213464271869750613774,0.02618161774838087363924486702
Full_time,60162,0.06116800442845280929975089953,0.05880648899188876013904982619,0.04287172507655665192242259272,0.02412961047914512237159600138
Full_time,60302,0.08448823903369357914812460267,0.07870180174892892775397617231,0.06052576528833414685168398299,0.03504408772326475243047705177
Full_time,60471,0.05770450221940393151553582752,0.06208095356344673454184256270,0.05035756853396901072705601907,0.02260426615727475326329194524
Full_time,60501,0.05921353452217649748513946045,0.05895219247995000520779085512,0.04274134119380987472365512159,0.02558746736292428198433420366
Full_time,60525,0.07613967022308438409311348206,0.08416497394683387794754040449,0.06126162555600485240598463405,0.02921108742004264392324093817
Full_time,60601,0.08199445983379501385041551247,0.07549388523047977422389463782,0.05512971698113207547169811321,0.02649456521739130434782608696
Full_time,60004,0.1033472331793080130733686465,0.1143769968051118210862619808,0.08025707973488652339827274553,0.02469188270293242668933276668
Full_time,60056,0.09343789562526375017583345056,0.09821458935555177690868899847,0.07245274407637013653824211767,0.02788684990784517990223575607
Full_time,60089,0.1079791366108090112085229164,0.1178240998773826775164418682,0.08186490455212922173274596182,0.02859696157283288650580875782
Full_time,60203,0.1014530358069538142189932538,0.09657999231458947098757525298,0.06537664132688320663441603317,0.02990626394881714030650200863
Full_time,60426,0.04755986411467395807440550170,0.04964254156960398425576351514,0.04257682339874120696038504258,0.03258218710369720027314408350
Full_time,60452,0.08619726889689831971166049038,0.08306770984255771274026852120,0.07106345149461051227914212690,0.02516856544989537316903045803
Full_time,60476,0.06016597510373443983402489627,0.06187624750499001996007984032,0.05568445475638051044083526682,0.01979045401629802095459837020
Full_time,60482,0.07391304347826086956521739130,0.07417365174758817017238652538,0.05895933226780323210797371692,0.02778299230336024028533883987
Full_time,60616,0.08835588355883558835588355884,0.08731587015930147303872558822,0.05841821449970041941282204913,0.03410815560348270628644460420
Full_time,60628,0.06565441846340722745217127240,0.06916651643531037798209242233,0.05588714053174172544763971785,0.03585257421482862469525311917
Full_time,60632,0.08706808572678232978568304418,0.08235074924809028239865853983,0.06195701187434240192394408538,0.03256772863447476081564281803
Full_time,60634,0.09327790356705393266768122935,0.09388677114217139630100240011,0.07438805970149253731343283582,0.03001352722353736895502198174
Full_time,60642,0.08679430535100638193421698576,0.07738803919772872973715541716,0.05878546003667349800453025564,0.03778517110266159695817490494
Full_time,60644,0.06228306980331662167373698419,0.06535137166478767380683953401,0.05001078748651564185544768069,0.03239462543714338302963371986
Full_time,60647,0.08047945205479452054794520548,0.08203731365140731628737955071,0.06328096211182204951257914308,0.03714464344819977198337685264
Full_time,60651,0.07928693373565728351927581689,0.08129325098593645360517895677,0.06109351910491872493139117585,0.03242052250550834120239219389
Full_time,60655,0.09007733362378825835965581091,0.09766268533772652388797364086,0.07802371079834141213572388016,0.03162031067722723644624547185
Full_time,60656,0.09597837107130787428185197702,0.09557185903314555220751997904,0.06643554549313711617376538843,0.02718461305467211873390882932
Full_time,60707,0.09333559293310172435707325340,0.09042356517809457294277145557,0.06792452830188679245283018868,0.03356002365464222353636901242
Full_time,60016,0.08960871170173495754891103728,0.08544994326612551278694248058,0.06215213358070500927643784787,0.03029880894337257087135195375
Full_time,60022,0.08483972041455772475295251868,0.09041835357624831309041835358,0.05436408977556109725685785536,0.03142076502732240437158469945
Full_time,60029,0.09505501789738830703963940077,0.1035166578529878371232152300,0.06601042269832078749276201506,0.02873030583873957367933271548
Full_time,60070,0.09847042604871003741876189851,0.1036262659261679189807252532,0.07423862414905051952705123612,0.03041509433962264150943396226
Full_time,60074,0.08753036730845933500126908155,0.08380200510008034373144234464,0.06669303797468354430379746835,0.02888294589590619214153466365
Full_time,60126,0.08186263096623981373690337602,0.08042943413106687541936926862,0.05750699409387628225054398508,0.02104801578601183950887963166
Full_time,60131,0.06896879756468797564687975647,0.06651376146788990825688073394,0.05937893411665967268149391523,0.03062373339337986939878405764
Full_time,60163,0.09022556390977443609022556391,0.09111699566682715454983148772,0.07120743034055727554179566563,0.02679187957464438613451180776
Full_time,60192,0.07858725400755897302228593770,0.07560521415270018621973929236,0.05810697283674040884906188743,0.01938931297709923664122137405
Full_time,60193,0.08551741109880644764365694598,0.08175549089169689480607485949,0.07003213711837171933583288698,0.02855027532275230206839109713
Full_time,60201,0.06332215630642249161722981687,0.05854980267420627908346586558,0.04318591432136420352141965895,0.02626262626262626262626262626
Full_time,60455,0.08170310701956271576524741082,0.07285535937221330479757446050,0.05525203587259045459231007113,0.02684057346124824835614961733
Full_time,60462,0.08540459727153803027471500654,0.08331815698415589145875068294,0.06292251690067602704108164327,0.02576366996412653549298836830
Full_time,60473,0.06142034548944337811900191939,0.05473277527366387636831938184,0.06112295664534470504619758351,0.03548616039744499645138396026
Full_time,60624,0.06823623304070231444533120511,0.06633507337732689845365901704,0.05407816245749010425377710877,0.03037341432910487761300696802
Full_time,60625,0.09171832309997355974029789359,0.08354068505479379533061570226,0.06376915924292870212063949129,0.03299236889105374249066406884
Full_time,60639,0.08390473190705788287742592009,0.08718941303564998199495858840,0.06605490861032840435877615141,0.03229150055812470100462446181
Full_time,60706,0.1021052631578947368421052632,0.1013110846245530393325387366,0.07461527601298884653395453904,0.02963238024507983661344225771
Full_time,60062,0.1031231585150265173836181497,0.1034389140271493212669683258,0.06974048878810783572688334593,0.02273713913609724332537443021
Full_time,60068,0.09509074182487245964706866271,0.09573580256726145531136986846,0.07270042949176807444523979957,0.02761675856543663697629483011
Full_time,60076,0.09000770119368502117828263381,0.08498960498960498960498960499,0.06522819926419409366610321169,0.03132405976300875837197320969
Full_time,60104,0.07398091934084995663486556808,0.06693440428380187416331994645,0.05980686521139332954637669399,0.03104775231764911666958194857
Full_time,60107,0.07631208096681897766579835162,0.07402897844880068184585413369,0.06061724408359090280020298012,0.02700628387777617882668969156
Full_time,60173,0.08027960177928404998940902351,0.08221256638388854403751982895,0.05974186567740938248705464101,0.02747567258156840297653119634
Full_time,60194,0.08347521281922884326489734602,0.08705751184613955216946947877,0.06571504097277293153581813376,0.02947345181587371674577767966
Full_time,60202,0.09272934906737723639132089836,0.07723890171927123428278162689,0.06135524233059470867566141554,0.03936170212765957446808510638
Full_time,60301,0.09027179928668060509162464641,0.09035992952428895041530329726,0.06519587045679536133503040588,0.03613580067026081888387002768
Full_time,60419,0.04878048780487804878048780488,0.04138851802403204272363150868,0.03211678832116788321167883212,0.02619414483821263482280431433
Full_time,60456,0.08405074762120525600362483009,0.09188822776229569932966784665,0.07142267360251011477169515317,0.02976292000682244584683609074
Full_time,60461,0.06672637707120465741155396328,0.07039902897891063571536944318,0.05601233299075025693730729702,0.02546171776941007710238479469
Full_time,60472,0.07410995398401550012109469605,0.07236061684460260972716488731,0.04612593936252915263021508163,0.02531997774067890929326655537
Full_time,60527,0.07252229513713612653541982164,0.07935731180164750020389854009,0.05440655859884479224892863797,0.02486819854769720481448323883
Full_time,60610,0.08726841744120766015844301666,0.08123962368566685113447703376,0.06169181034482758620689655172,0.04451716003348299216193592573
Full_time,60630,0.1014904679376083188908145581,0.1009485771342985521717423864,0.07318800074529532327184646916,0.03229121378601636298960515395
Full_time,60638,0.09229229919955837703560585150,0.09036768513723459347488348006,0.06996407446383858910621620641,0.03109567901234567901234567901
Full_time,60659,0.09269059470788577416819491747,0.08536699831049371128214755022,0.05514272536257879362476297853,0.02694610778443113772455089820
Full_time,60714,0.09098984067062676955532115694,0.08842680109220751942869145138,0.06462225355422394548231700153,0.02836529567737559351298020596
Full_time,60010,0.06431475029036004645760743322,0.06600871571391950781850807485,0.05208025966361758630864561818,0.02054019084586770176289826945
Full_time,60018,0.08265856950067476383265856950,0.07152724481964696853415195702,0.06105153925977170529228640609,0.02758491274160255207355976731
Full_time,60026,0.09979135618479880774962742176,0.09506259823315809441222697957,0.07099090177631986136040106455,0.02258064516129032258064516129
Full_time,60093,0.08889956751561749159058145123,0.08907741251325556733828207847,0.06284272866856766834832200044,0.03179437203069801437446704836
Full_time,60141,0.07203134418324291742013261001,0.07183010618363522798251093067,0.05538566089024804621134896364,0.02369165487977369165487977369
Full_time,60171,0.09531450577663671373555840822,0.09809602649006622516556291391,0.07049333645078325929389759177,0.03616813294232649071358748778
Full_time,60415,0.08242790621681235193203169676,0.07379289401761311873671424233,0.05891406584010260795211628901,0.02989228007181328545780969479
Full_time,60429,0.05768048210552207600541138851,0.04902889625769777356702984368,0.04331244892399891037864342141,0.02320945464901039441833974085
Full_time,60464,0.09119927040583675330597355221,0.07763440860215053763440860215,0.05545969928518609810204584668,0.02595380223202699195432130807
Full_time,60477,0.07757775599322698511719098120,0.075,0.06349520324399169221639798240,0.02212594770230543091443602042
Full_time,60478,0.07443830306510659679850692700,0.06905493005800068236096895258,0.05614256426431162277243337013,0.02194253539786370787447213712
Full_time,60521,0.06739966032001430231518727094,0.07354131079744673199676346309,0.05850678264471367919643781713,0.02159154145798553144129104062
Full_time,60526,0.1038177468012066992614168314,0.1066055594301085981867091760,0.07827698008337193144974525243,0.02569194489263994042447561127
Full_time,60602,0.06706450696220517192384200057,0.06343612334801762114537444934,0.04230665588790083535435192670,0.02785691674580563469452358341
Full_time,60609,0.08108570939292747666752290436,0.07969130787977254264825345248,0.06149903907751441383728379244,0.03515116447273253290901200636
Full_time,60611,0.08708869814020028612303290415,0.07537289749285940971120279276,0.05530535038731760043235453072,0.03243243243243243243243243243
Full_time,60613,0.08220364675819654380874009268,0.08164845915538887983042556661,0.05815180884751943191632280971,0.03039096712921437239487152430
Full_time,60640,0.07837633115002450652764781892,0.07303040483789685872669242399,0.05879765395894428152492668622,0.03571428571428571428571428571
Full_time,60804,0.07227615965480043149946062567,0.06770027577856998722001748840,0.05953719136400635683553626110,0.03365915504478344443990020858
Full_time,60025,0.09271714066102997694081475788,0.09659399871471649611943249790,0.06468249704523476952831202321,0.02868079757755813289150431355
Full_time,60053,0.09101986109418788838796149628,0.09118203046814188813521627933,0.06103928393833913475882645450,0.02849315068493150684931506849
Full_time,60067,0.08901780356071214242848569714,0.09845203721527109400064164261,0.07167514534883720930232558140,0.02379125095932463545663852648
Full_time,60091,0.09927053599746273390421820488,0.1020553520553520553520553521,0.06198298963066526855411860655,0.02615825091098386257157730349
Full_time,60120,0.07766799196945242687871511239,0.08412436109296337573498328273,0.07016101108033240997229916898,0.02948049613517886032716160345
Full_time,60130,0.06794829300629764666887636725,0.05853293413173652694610778443,0.05240565194061885172598819531,0.02858253937390628038110052499
Full_time,60133,0.08398784386470379287208430359,0.08710814601417686971684166635,0.06931072676152338757774559087,0.02748226950354609929078014184
Full_time,60169,0.09118473598580091702410885964,0.09514140681653372008701957941,0.07124580201503278426355349432,0.02878775272485231716448955820
Full_time,60305,0.08139856274184632393587617468,0.08640120210368144252441773103,0.06304879804232042608320138189,0.03085156618920195183377931686
Full_time,60411,0.05838424983027834351663272234,0.05091533180778032036613272311,0.04415011037527593818984547461,0.05012325390304026294165981923
Full_time,60459,0.07456945019826004616204059892,0.07034482758620689655172413793,0.05844866430640489217895075636,0.03246928581071958957742675847
Full_time,60469,0.07229842327906678630944750673,0.06723229206838925311736727086,0.05920187107148077766408419822,0.02534701267350633675316837658
Full_time,60513,0.09405021393396302575280536046,0.1003377859665284814985413788,0.08052980132450331125827814570,0.03162236480293308890925756187
Full_time,60534,0.08110836885797621718644828360,0.08578646748681898066783831283,0.07876408762821324553627959985,0.02896981183159604710978746446
Full_time,60608,0.08729314672225294593099927681,0.07216331698053489476182940339,0.05618678121102951364833033116,0.03070872097420769987141668558
Full_time,60614,0.08327764784497160040093551620,0.07860103250199956373154948011,0.05318778811863964512481516917,0.02861408310525006220452848967
Full_time,60622,0.08281012176560121765601217656,0.07460462035273660677320526621,0.05264658367385726503848712344,0.03432804674457429048414023372
Full_time,60641,0.09177692178864511807067492882,0.09300952636522205823158459681,0.07089750398300584174190122146,0.03255886480586309059722438796
Full_time,60805,0.08382330770390471883009196442,0.08131363831923132080883407429,0.06529635132904077926366187882,0.03607020019402063674045330276
Full_time,60007,0.06801257653483369187489657455,0.07839516535168709081752560013,0.06276729559748427672955974843,0.02575558475689881734559789750
Full_time,60118,0.08398224901616009377878255045,0.09280819090083395260506977128,0.06548003320114359494604814166,0.02911854703385648011055177179
Full_time,60153,0.07394007914075749010740531374,0.07356978148676841989678269463,0.05823916552837451881286477089,0.03064431639601885804085908853
Full_time,60172,0.08846647417388514597369265319,0.09955375253549695740365111562,0.08013655556553768753930464469,0.02696055245482924983445274808
Full_time,60176,0.08358942839582052858020897357,0.08394448832223851968859302719,0.05412702494214451015685266135,0.03252699193658603252699193659
Full_time,60406,0.07150300601202404809619238477,0.06515497312817492453802547302,0.05476571043997644485572474131,0.03266531296901209499426149907
Full_time,60428,0.04725965858041329739442946990,0.04884645982498011137629276054,0.04004620716211012706969580285,0.02227525855210819411296738266
Full_time,60439,0.07310898425439950602037665946,0.07910956854766321584585003890,0.05253928643690564510689957510,0.02151969718211131361278564419
Full_time,60453,0.06931516821798138422338931933,0.06887592305588476615917585924,0.05847003410751989605327269774,0.02865296803652968036529680365
Full_time,60457,0.07907481629926519706078824315,0.07169869568572972138612333102,0.05814553586788233270256322037,0.02565955908926635345139139863
Full_time,60480,0.09099788377014488035161972977,0.09888579387186629526462395543,0.06416275430359937402190923318,0.02229182019159911569638909359
Full_time,60558,0.1007846733924386018546825639,0.1141072358146798542425819885,0.07836696386672923510089160019,0.02550091074681238615664845173
Full_time,60604,0.07784538296349319971367215462,0.06715267068554605355390438806,0.04529844644317252657399836468,0.01953267615918218327856882074
Full_time,60612,0.07246906808069726336319863473,0.06405613399728383884110457220,0.05089024714323677916555939410,0.03368025440878866724486845909
Full_time,60621,0.06223547518276260100038476337,0.06235266928587936214467298359,0.05372783593249305703909421064,0.04236673178900362824448785934
Full_time,60623,0.06889682865905713472665760268,0.06788238112348784285543178824,0.05487660381190967872981482108,0.03620437956204379562043795620
Full_time,60629,0.08492811105602379771938522558,0.08768830202715268737214059885,0.06628656547756632508924673190,0.03333333333333333333333333333
Full_time,60712,0.08956019546868058640604175922,0.08072854529547442933269704923,0.05846406421014228383801532287,0.02537917087967644084934277048
Full_time,60803,0.07375164257555847568988173456,0.07684418145956607495069033531,0.06039222873900293255131964809,0.02797270955165692007797270955
Full_time,60043,0.07647525800476316485842815560,0.08693333333333333333333333333,0.04903628117913832199546485261,0.03272047366780928638205048302
Full_time,60195,0.09904641957538682979489024829,0.1119274376417233560090702948,0.07716817683958976401473663248,0.02347320315745741587037806398
Full_time,60458,0.06365440390780033582659136010,0.05853588379116927944772040846,0.04736755240138636738735764978,0.02596946832777680294788559396
Full_time,60463,0.08036514793381693699568016953,0.07666463042150274893097128894,0.06255452800558366777176757983,0.02841489460488439037979385273
Full_time,60465,0.07273445992687024409526633067,0.06511805026656511805026656512,0.04850826357587465121270658940,0.02585034013605442176870748299
Full_time,60466,0.06427610936799641416405199462,0.06075388026607538802660753880,0.05000508181725785140766338042,0.02827873225909721481165297193
Full_time,60603,0.03920723825937096079276174063,0.04015957446808510638297872340,0.029,0.01407284768211920529801324503
Full_time,60605,0.1029201817001946787800129786,0.1027422303473491773308957952,0.06589307915457936179030252797,0.02050183598531211750305997552
Full_time,60607,0.07113654946852003270645952576,0.05803645173723913881394196355,0.04624391527430601236679384292,0.02503101510618112822009778881
Full_time,60618,0.09097808269078987311031509927,0.08933668710962891784190147811,0.06340545625587958607714016933,0.02941077384361418994036990870
Full_time,60619,0.07775119617224880382775119617,0.08193331610235202894804859137,0.05776598880047155909224874742,0.03617810760667903525046382189
Full_time,60620,0.06349499209277807063784923564,0.06346201847075463848905898993,0.05225797073359821688148076364,0.03263427921614259646153439293
Full_time,60636,0.06676540047232117840131289277,0.06708563056637236380460346224,0.05103322791664861586448901789,0.03733588621444201312910284464
Full_time,60643,0.07757605296291783436903456399,0.07849117794679742094899810818,0.06551693083573487031700288184,0.03040301673344331840678765025
Full_time,60652,0.08390332877336981304149566803,0.07933063271604938271604938272,0.06708156633805144021589469626,0.03056667246679426947392842643
Full_time,60653,0.08192235334359500598597571404,0.08785046728971962616822429907,0.06632361349342481417953116066,0.04099530899449316744850091781
Full_time,60654,0.07932826127296344405269994433,0.06713057715923045435939418747,0.04406510520047637951568082572,0.02615301139446554530656538253
Full_time,60660,0.07185451678083879552510965453,0.06784345190336096995631630561,0.04651162790697674418604651163,0.02928915018706574024585783004
Full_time,60661,0.09254237288135593220338983051,0.07653209410397908800464711008,0.04537270435722002160604969391,0.02561516740621218233158531666
Full_time,60008,0.09261981770067627168479858865,0.1056096164854035489410417859,0.07325741054842096761166303207,0.02771591190299430833951992081
Full_time,60077,0.08803861138570680932720823399,0.08586296617519514310494362533,0.05963725791577005840762373194,0.02955308365694727835187257290
Full_time,60090,0.08393353371519310383939204900,0.07494020728142439542917884666,0.06067498616831622302821663491,0.03047127178825048418334409296
Full_time,60154,0.08001056245048851333509374175,0.08313165537270087124878993224,0.05816586470421737899801868101,0.03009086846417399076418888723
Full_time,60164,0.08546360485268630849220103986,0.08923614680785442582502313149,0.06186854353502100124872289704,0.02680776014109347442680776014
Full_time,60304,0.1019668997434478595502791891,0.09539121114683815648445873526,0.06825551232166018158236057069,0.03673845445122653460785442819
Full_time,60402,0.08878671547183287206499419695,0.09100071389577121740225927015,0.07382838598835544526104800993,0.03113413581187465082025496470
Full_time,60422,0.07469129605461299066358799317,0.07851604671704779664343900285,0.06566114765252891812202313450,0.02588996763754045307443365696
Full_time,60443,0.07372120987882712052539080566,0.06988427379564008253341706289,0.06030359742150135163235599917,0.02695890410958904109589041096
Full_time,60448,0.06942929843693202471828426027,0.07248520710059171597633136095,0.05034793286942284076954564061,0.01593291404612159329140461216
Full_time,60467,0.08355110336817653890824622532,0.08504848949975580827461103747,0.06578419574809466506217408744,0.02464730290456431535269709544
Full_time,60487,0.09185391202517748664275781307,0.1028331584470094438614900315,0.07733686754502221875730880175,0.02618684231665193991485259860
Full_time,60546,0.09019886363636363636363636364,0.07363391325655476598872825288,0.06687942278340502289440821424,0.03872646563600183682840961274
Full_time,60615,0.07595927956147220046985121378,0.07220216606498194945848375451,0.05785123966942148760330578512,0.03220191470844212358572671889
Full_time,60626,0.07625461655442102976319791440,0.07123980236699988509709295645,0.04921827233819547558738754476,0.02563981266852736647901982118
Full_time,60631,0.1011385783157246897117653093,0.1110185275953337908048230566,0.07899915659263424233904976103,0.02803129074315514993481095176
Full_time,60637,0.06636807817589576547231270358,0.07097541633624107850911974623,0.04784688995215311004784688995,0.02219140083217753120665742025
Full_time,60645,0.07890259464057847724372607401,0.07528687377553876294430450602,0.05233042030794839783603828548,0.02424242424242424242424242424
Full_time,60827,0.06604054859868813357185450209,0.06308666230080768391180964855,0.05344021376085504342017368069,0.03003327038935347540688786980
Full_time,60102,0.09267241379310344827586206897,0.1105925324675324675324675325,0.08245844269466316710411198600,0.02363800090049527239981990095
Full_time,60160,0.07273286828067295855560114895,0.06672313194052324487107095803,0.05295497709753100212266785834,0.03377088305489260143198090692
Full_time,60165,0.07273419649657273419649657273,0.07146704973963009516968935177,0.06039982985963419821352615908,0.03354344889689329131022062134
Full_time,60425,0.06807632800412583806085611140,0.06768060836501901140684410646,0.06181925228142478657639093318,0.03010752688172043010752688172
Full_time,60430,0.07671030794763046284344458787,0.07816901408450704225352112676,0.05507637950743011534864387405,0.02503616334705685990875709358
Full_time,60445,0.07684385645250732789352768755,0.08028004667444574095682613769,0.06484098939929328621908127208,0.03022003104172372865881493655
Full_time,60475,0.06304176516942474389282899921,0.06833232992173389524382901866,0.05731156651615144147273358805,0.03375
Full_time,60523,0.07856436343083227356224388865,0.07788778877887788778877887789,0.05271152969770621297280874981,0.02988996551157825587124322549
Full_time,60646,0.1069394642480489348238768192,0.1075027233115468409586056645,0.07630797349782956362805574594,0.03100146080181788670670345723
Full_time,60657,0.08226851041484333975144407492,0.08014052764152194087233196341,0.05604480494399382000772499034,0.03468935874614683280510571788
Delivery,60005,0.02595382746051032806804374241,0.02888346026727978157781290415,0.02647471152809231101046047665,0.02175131741226594909743244758
Delivery,60103,0.02261246090930959826798171758,0.02051342163872934005392099402,0.01803354770271166213617980508,0.01457987838584853510226644555
Delivery,60155,0.04174270072992700729927007299,0.03225806451612903225806451613,0.03243313089546453030107248999,0.02673280970097836571586054844
Delivery,60162,0.02823138665928591198450041517,0.03244495944380069524913093859,0.02892140183735964613814222525,0.02068252326783867631851085832
Delivery,60302,0.03432930705657978385251112524,0.03333528962967310288162450848,0.03158775538665365037305627223,0.03165272439520687316301153064
Delivery,60471,0.03119847812301838934686112873,0.02806059101067792401291283834,0.02517878426698450536352800954,0.01894301177968799745304043298
Delivery,60501,0.02834933699131229995427526292,0.02739297989792729923966253515,0.02972242692213215426185212479,0.02545691906005221932114882507
Delivery,60525,0.02599418040737148399612027158,0.02720127174777002561158703524,0.02628386575010109179134654266,0.02388059701492537313432835821
Delivery,60601,0.01883656509695290858725761773,0.01810912511759172154280338664,0.01739386792452830188679245283,0.01834239130434782608695652174
Delivery,60004,0.02220218640820466584018933844,0.02087326943556975505857294995,0.01847760594496886925085358506,0.01444963875903102422439439014
Delivery,60056,0.03010268673512449008299338866,0.03002890664852916170719265431,0.02799224128094930209561480242,0.02071480086545396265726420386
Delivery,60089,0.03007435356786150260792364887,0.03110021179355701705495485453,0.02533039647577092511013215859,0.02106472615855993872079662964
Delivery,60203,0.03425012973533990659055526725,0.03740233124119380043550659664,0.02957843814789219073946095370,0.02886475226900758815652432674
Delivery,60426,0.04407987405750269284944900157,0.04393927223070126114547353201,0.03961495742317660125879303961,0.03248463564530289727831431080
Delivery,60452,0.02467130311183308797400883294,0.02549985511445957693422196465,0.02372485831759084342704744972,0.01557777261102069286212508719
Delivery,60476,0.03630705394190871369294605809,0.03892215568862275449101796407,0.05800464037122969837587006961,0.01513387660069848661233993015
Delivery,60482,0.03779264214046822742474916388,0.04048711054879013126680373241,0.03818149529390871958799502753,0.02684437769851698892434766285
Delivery,60616,0.03608036080360803608036080361,0.03452642804772378857561820969,0.03520071899340922708208508089,0.03083313363687195462896397476
Delivery,60628,0.05332523534770725781961737018,0.05125893876569917673216753801,0.05127509495387954422137818774,0.03972465223003011616234045604
Delivery,60632,0.03997667298440005831753899985,0.03875329376380719171701578345,0.03562302720577183225612505637,0.02760686789292272009792867957
Delivery,60634,0.03236702423815003155042500278,0.03215445432726245940985458139,0.03275621890547263681592039801,0.02417991207304700710179235712
Delivery,60642,0.03151693667157584683357879234,0.02866562872057880758311200659,0.03160392622155107323913277964,0.03136882129277566539923954373
Delivery,60644,0.04531430775163902815271885847,0.04487034949267192784667418264,0.04263214670981661272923408846,0.03405116878336094238910362599
Delivery,60647,0.03502763758711848113434270608,0.03605424245086840640834138769,0.03758668051321563766707982982,0.03295207973226435217535213858
Delivery,60651,0.04057648787072696232183269147,0.03776322643053798645732569388,0.03842094152417141650833861094,0.02868834030307118125815009668
Delivery,60655,0.03038884653087898921686090840,0.03109555189456342668863261944,0.03153652981370087017461893360,0.02584883649536440105605697796
Delivery,60656,0.04048665089557282865833051707,0.04074413729857199004323332897,0.03664921465968586387434554974,0.02514008783886112373163713464
Delivery,60707,0.03838495106554251578189213236,0.03800172548375169467154184298,0.03285780027611596870685687989,0.02720283855706682436428149024
Delivery,60016,0.03125384520733357942660268242,0.02950161473335078991009862966,0.02710045056983832494036575669,0.02134847112906596085533189385
Delivery,60022,0.03253796095444685466377440347,0.03148897885739991003148897886,0.02518703241895261845386533666,0.02814207650273224043715846995
Delivery,60029,0.02346546466922974943656370145,0.02591221575885774722369116869,0.02518818760856977417486971627,0.02193388940376892184121099784
Delivery,60070,0.02389549005448696908028622071,0.02731133616465207448546226723,0.02321748477248298101039054102,0.01962264150943396226415094340
Delivery,60074,0.03100184923311215054933101273,0.02955252034792328920250113529,0.02610759493670886075949367089,0.01937872865665500925735445382
Delivery,60126,0.02048894062863795110593713620,0.01869827779020353388503690450,0.01989431147031395710289089214,0.01425126068844551633413725060
Delivery,60131,0.03158295281582952815829528158,0.03256880733944954128440366972,0.02906000839278220730172052035,0.02217968925917586129250168881
Delivery,60163,0.03056822383828423517810920744,0.03009147809340394800192585460,0.02732534661461838740072688114,0.01961055102886341665515812733
Delivery,60192,0.02398019027759676788739736739,0.02122905027932960893854748603,0.02086250350042005040604872585,0.01114503816793893129770992366
Delivery,60193,0.02292768959435626102292768959,0.02367760194523059752062821382,0.02249598286020353508302088913,0.01628800148072740733885521262
Delivery,60201,0.02250451379932937838534949703,0.02108735347823525946869293750,0.02218217107999445445723000139,0.02253302253302253302253302253
Delivery,60455,0.03202915228231683927886459532,0.03736400927412163367219546995,0.03123389341305020101020513349,0.02134310660773957098199849089
Delivery,60462,0.02284619697252849934591665109,0.02199052995811327627026042615,0.02329693187727509100364014561,0.01712142624198282422002391564
Delivery,60473,0.03326935380678182981445937300,0.02704443013522215067611075338,0.04122245913290689410092395167,0.02555003548616039744499645138
Delivery,60624,0.04095171588188347964884277733,0.04555303851078498965822909485,0.04326252996599208340302168702,0.03585254005121791435888273480
Delivery,60625,0.03810335203736890037897705573,0.03615861083170098999417650484,0.03512402891508443564594019017,0.02792661146289982139957785355
Delivery,60639,0.03871780582947689772975068447,0.03722542311847317248829672308,0.03543375807296212253447373014,0.02535480784563865412214957742
Delivery,60706,0.035,0.02948372122200614766953139703,0.03042496117464351263588874771,0.02398811734125510582992944671
Delivery,60062,0.01989936992883368840941027152,0.01927601809954751131221719457,0.01683043587805492567397329302,0.01405469937052311699587584111
Delivery,60068,0.02550807058626745839257338797,0.02622898700472916583873147081,0.02635110952040085898353614889,0.02031198454215561525048305764
Delivery,60076,0.03022718521370812475933769734,0.02760914760914760914760914761,0.03022770209804116535746246396,0.02359608449252962390520350335
Delivery,60104,0.03373807458803122289679098005,0.02776016346086098781089269358,0.02799642944088290189077335065,0.02247682350883330418051425573
Delivery,60107,0.02946577272921381902036981680,0.02816672754576078574617476359,0.02675646999123494948562993034,0.01770038854511440495035256871
Delivery,60173,0.03043140577561251147355786203,0.02979515828677839851024208566,0.02797743256820465260066465724,0.02011611742579115217924605446
Delivery,60194,0.02348522784176264396594892339,0.02341354640899377496980395800,0.02130584192439862542955326460,0.01843470581741914118556132023
Delivery,60202,0.03700038066235249333840883137,0.02918911983577110597895817295,0.02992387125951609256048842994,0.03314238952536824877250409165
Delivery,60301,0.03136145615545443364899766326,0.03372766171658696199345582683,0.03210295573469099137321453825,0.03118169896546699694011365292
Delivery,60419,0.04607046070460704607046070461,0.05607476635514018691588785047,0.03795620437956204379562043796,0.03697996918335901386748844376
Delivery,60456,0.04138347681619090771786739163,0.04293138510205618739173005950,0.04062422591032945256378498885,0.02601057479106259594064472113
Delivery,60461,0.04030452306314375279892521272,0.03868912152935821574874829313,0.04076738609112709832134292566,0.02187556033709879863726017572
Delivery,60472,0.04262533301041414386049891015,0.03819691577698695136417556346,0.03550142523969940399067115833,0.02420701168614357262103505843
Delivery,60527,0.02364125862359077906781086993,0.02373379006606312698801076584,0.01919135457425004658095770449,0.01611459265890778871978513876
Delivery,60610,0.03780175909175971555111970557,0.03292750415052573325954620919,0.03879310344827586206896551724,0.03957080891865154858838748954
Delivery,60630,0.03552859618717504332755632582,0.03514727908137793310034947579,0.03607229364635736910750885038,0.02640211849334018418244338168
Delivery,60638,0.03853850400220811482197074248,0.03534438114966338684619368203,0.03559894037812534020394092245,0.02743055555555555555555555556
Delivery,60659,0.04920094314906995022268797485,0.05181152618734747512671297165,0.04607184953620663147645159637,0.02830702231899836690255851932
Delivery,60714,0.03297618386720701715427746627,0.03024574669187145557655954631,0.03066619668664081776524497709,0.02293889128692113214527964482
Delivery,60010,0.01509872241579558652729384437,0.01614970520379389900025634453,0.01608143995278843316612570080,0.01213003396409509946627850558
Delivery,60018,0.03525641025641025641025641026,0.02379125095932463545663852648,0.02957454168107921134555517122,0.02326890598611371739538374930
Delivery,60026,0.02634873323397913561847988077,0.02449731721857893881090455802,0.02314786160797177693878814136,0.01659946236559139784946236559
Delivery,60093,0.02546852474771744353676117251,0.02660753880266075388026607539,0.02379907874533889010747971046,0.02497259105859422584967718358
Delivery,60141,0.03164556962025316455696202532,0.03341661461586508432229856340,0.03092082908596670064559972817,0.02263083451202263083451202263
Delivery,60171,0.03647839109970047068891741549,0.03497516556291390728476821192,0.03179798924479775543605330839,0.02468230694037145650048875855
Delivery,60415,0.04403235029817825341066906299,0.04631035529911934406316428788,0.04412141941000427533133817871,0.02782764811490125673249551167
Delivery,60429,0.04956339933587504611978846390,0.03730459497868308858360966367,0.03881776082811223099972759466,0.02776591200341734301580521145
Delivery,60464,0.02120383036935704514363885089,0.02129032258064516129032258065,0.02070495439980280995809711610,0.01842719958473916428756812873
Delivery,60477,0.02089831565814098565190268247,0.02216666666666666666666666667,0.02324201364850163188606468203,0.01490535870854608283047088555
Delivery,60478,0.03531691910128490417055487761,0.03398157625383828045035823951,0.03398517583977290648162750355,0.01755402831829096629957770970
Delivery,60521,0.01814606239385000446947349602,0.01977883664479007462015643262,0.02050326188257222739981360671,0.01725097384529771841958820256
Delivery,60526,0.02413398522833662748361593675,0.02500747235229650293912523662,0.02385363594256600277906438166,0.02010673948119647511480700012
Delivery,60602,0.009661835748792270531400966184,0.008590308370044052863436123348,0.009970358393963891134465103746,0.004748338081671415004748338082
Delivery,60609,0.04208408254131346861888860348,0.04126726238830219333874898457,0.04104511759860895030658003112,0.03307777617050002410916630503
Delivery,60611,0.02789699570815450643776824034,0.02649952396064741351951761346,0.02630156728517384255089173122,0.02762762762762762762762762763
Delivery,60613,0.02936463250898696348910736714,0.02828958095548671123430621229,0.02835620381921120813741483543,0.02733076557800875850788793331
Delivery,60640,0.03319520563204562669874793922,0.03237863262220729044179405342,0.03475073313782991202346041056,0.03222615576842982090795501874
Delivery,60804,0.03965331250232488933526764126,0.03638931862514293401493240062,0.03864490871739214698244117989,0.02850599157498670811009774651
Delivery,60025,0.02680630284396617986164488855,0.03040189826486726976123387216,0.02696894810357795207908026217,0.02045363651945380791864251843
Delivery,60053,0.03168027293773607895698793713,0.02902257311242077171133103525,0.02374440576827449030333167578,0.02068493150684931506849315068
Delivery,60067,0.01920384076815363072614522905,0.01860763554700032082130253449,0.01894077034883720930232558140,0.01486953184957789716039907905
Delivery,60091,0.02473834443387250237868696480,0.02482702482702482702482702483,0.02539904462309215891879296283,0.02485684539302446642373763665
Delivery,60120,0.02857930165728457268826516553,0.02866915183889935052457630375,0.02757098337950138504155124654,0.01887470789142548984360956319
Delivery,60130,0.03331123632747762678157109712,0.03263473053892215568862275449,0.03362546950456090144875693078,0.02955473459070581372739646121
Delivery,60133,0.02660141295338832537395903225,0.02820211515863689776733254994,0.02675300332282525347192638664,0.01941489361702127659574468085
Delivery,60169,0.03283537938174826209140659666,0.02951414068165337200870195794,0.02766671997441228210458979690,0.01938597221066644479574007821
Delivery,60305,0.02805417357656163626312880044,0.02905083896819434009516654145,0.02475888872894774722901972074,0.02487014009129545096804659216
Delivery,60411,0.04616429056347589952477936185,0.03432494279176201372997711670,0.04047093451066961000735835173,0.04354971240755957271980279376
Delivery,60459,0.03580517251583121264129727171,0.03097701149425287356321839080,0.03160605085291277759897006759,0.02612393681652490886998784933
Delivery,60469,0.03845660812716318420715292911,0.03933667566525260316236020054,0.03595965502119573161818447595,0.02217863608931804465902232951
Delivery,60513,0.03285702752886090255913457657,0.03101489329034239213879932443,0.03346578366445916114790286976,0.02566452795600366636113657195
Delivery,60534,0.03780569890060578864707202154,0.03471001757469244288224956063,0.03431682917563631758895783209,0.02612697982943007987004196562
Delivery,60608,0.03556387459054749649040711277,0.02645988289286279474600411458,0.02743522239157544686157683248,0.02375009454655472354587398835
Delivery,60614,0.02439024390243902439024390244,0.02275867083545408274558278194,0.02409324171523006001565625815,0.02328937546653396367255536203
Delivery,60622,0.03201103500761035007610350076,0.02819408793574563219342551958,0.02789128575501282904114796161,0.02770242070116861435726210351
Delivery,60641,0.03798916987662591414056830235,0.04011807325909029920837246746,0.03879742727326370449047028973,0.02800561359738032122251676283
Delivery,60805,0.03851952359415045982210161315,0.03520722787896170945073856303,0.03574376754168730394584777943,0.03157244906958285563100802540
Delivery,60007,0.02526339014838104694136466435,0.02338984947680599854512897991,0.02113207547169811320754716981,0.01655716162943495400788436268
Delivery,60118,0.02218872979988277652181194005,0.02353232598464206093633886549,0.01909065756709397768145347229,0.01401638535189023788372322574
Delivery,60153,0.04364047484454494064443188242,0.03898100362358625233336993521,0.03663231094002235191853967466,0.02802514405447878470403352541
Delivery,60172,0.02213666987487969201154956689,0.02085192697768762677484787018,0.01913574701284700386308507771,0.01485195345757260429476870684
Delivery,60176,0.03097725875845113706207744315,0.02843281056075820828162021889,0.02777063512471072255078426331,0.02050020500205002050020500205
Delivery,60406,0.04016032064128256513026052104,0.03673709784289185010675108592,0.03642634811138218221586607218,0.03001677407963273594067272888
Delivery,60428,0.03809523809523809523809523810,0.03739061256961018297533810660,0.03350019252984212552945706585,0.02048528241845664280031821798
Delivery,60439,0.02303179993825254708243284964,0.02345760277661420621147746993,0.02164969312740271126998044109,0.01247721856161502873966073181
Delivery,60453,0.02865165618012583848993812074,0.02630139484000364664053240952,0.02744843267825239564723079422,0.02134703196347031963470319635
Delivery,60457,0.03590514362057448229792919172,0.03388129968356872732885698850,0.03165319112334422845346636848,0.02023852547885796891940730033
Delivery,60480,0.02751098811655542894351294156,0.02537913958526771897245434850,0.02243088158581116327595200835,0.01455416359616801768607221813
Delivery,60558,0.02404972995006623866299806379,0.02186361270171785528370640292,0.02193805725011731581417175035,0.02185792349726775956284153005
Delivery,60604,0.01646385110952040085898353615,0.01542128136828823776812000561,0.01488143908421913327882256746,0.01259583789704271631982475356
Delivery,60612,0.03535076491741329920156030962,0.03321638750565866908103214124,0.03135795907520595269731597130,0.02934374096559699335067938711
Delivery,60621,0.04535398230088495575221238938,0.04344811647792928125722209383,0.04427472762230292672505874813,0.04113871057772816075914038515
Delivery,60623,0.03964966642425775445031144275,0.04009462211043238711222900946,0.03808524323775347845221571482,0.03361313868613138686131386861
Delivery,60629,0.03785324739712444224095190878,0.03735819230053933420122745025,0.03608393045175539974831137478,0.02850122850122850122850122850
Delivery,60712,0.03198578409595735228787205686,0.02974628171478565179352580927,0.02736227654140824516599781102,0.02315470171890798786653185035
Delivery,60005,0.02595382746051032806804374241,0.02888346026727978157781290415,0.02647471152809231101046047665,0.02175131741226594909743244758
Delivery,60103,0.02261246090930959826798171758,0.02051342163872934005392099402,0.01803354770271166213617980508,0.01457987838584853510226644555
Delivery,60155,0.04174270072992700729927007299,0.03225806451612903225806451613,0.03243313089546453030107248999,0.02673280970097836571586054844
Delivery,60162,0.02823138665928591198450041517,0.03244495944380069524913093859,0.02892140183735964613814222525,0.02068252326783867631851085832
Delivery,60302,0.03432930705657978385251112524,0.03333528962967310288162450848,0.03158775538665365037305627223,0.03165272439520687316301153064
Delivery,60471,0.03119847812301838934686112873,0.02806059101067792401291283834,0.02517878426698450536352800954,0.01894301177968799745304043298
Delivery,60501,0.02834933699131229995427526292,0.02739297989792729923966253515,0.02972242692213215426185212479,0.02545691906005221932114882507
Delivery,60525,0.02599418040737148399612027158,0.02720127174777002561158703524,0.02628386575010109179134654266,0.02388059701492537313432835821
Delivery,60601,0.01883656509695290858725761773,0.01810912511759172154280338664,0.01739386792452830188679245283,0.01834239130434782608695652174
Delivery,60004,0.02220218640820466584018933844,0.02087326943556975505857294995,0.01847760594496886925085358506,0.01444963875903102422439439014
Delivery,60056,0.03010268673512449008299338866,0.03002890664852916170719265431,0.02799224128094930209561480242,0.02071480086545396265726420386
Delivery,60089,0.03007435356786150260792364887,0.03110021179355701705495485453,0.02533039647577092511013215859,0.02106472615855993872079662964
Delivery,60203,0.03425012973533990659055526725,0.03740233124119380043550659664,0.02957843814789219073946095370,0.02886475226900758815652432674
Delivery,60426,0.04407987405750269284944900157,0.04393927223070126114547353201,0.03961495742317660125879303961,0.03248463564530289727831431080
Delivery,60452,0.02467130311183308797400883294,0.02549985511445957693422196465,0.02372485831759084342704744972,0.01557777261102069286212508719
Delivery,60476,0.03630705394190871369294605809,0.03892215568862275449101796407,0.05800464037122969837587006961,0.01513387660069848661233993015
Delivery,60482,0.03779264214046822742474916388,0.04048711054879013126680373241,0.03818149529390871958799502753,0.02684437769851698892434766285
Delivery,60616,0.03608036080360803608036080361,0.03452642804772378857561820969,0.03520071899340922708208508089,0.03083313363687195462896397476
Delivery,60628,0.05332523534770725781961737018,0.05125893876569917673216753801,0.05127509495387954422137818774,0.03972465223003011616234045604
Delivery,60632,0.03997667298440005831753899985,0.03875329376380719171701578345,0.03562302720577183225612505637,0.02760686789292272009792867957
Delivery,60634,0.03236702423815003155042500278,0.03215445432726245940985458139,0.03275621890547263681592039801,0.02417991207304700710179235712
Delivery,60642,0.03151693667157584683357879234,0.02866562872057880758311200659,0.03160392622155107323913277964,0.03136882129277566539923954373
Delivery,60644,0.04531430775163902815271885847,0.04487034949267192784667418264,0.04263214670981661272923408846,0.03405116878336094238910362599
Delivery,60647,0.03502763758711848113434270608,0.03605424245086840640834138769,0.03758668051321563766707982982,0.03295207973226435217535213858
Delivery,60651,0.04057648787072696232183269147,0.03776322643053798645732569388,0.03842094152417141650833861094,0.02868834030307118125815009668
Delivery,60655,0.03038884653087898921686090840,0.03109555189456342668863261944,0.03153652981370087017461893360,0.02584883649536440105605697796
Delivery,60656,0.04048665089557282865833051707,0.04074413729857199004323332897,0.03664921465968586387434554974,0.02514008783886112373163713464
Delivery,60707,0.03838495106554251578189213236,0.03800172548375169467154184298,0.03285780027611596870685687989,0.02720283855706682436428149024
Delivery,60016,0.03125384520733357942660268242,0.02950161473335078991009862966,0.02710045056983832494036575669,0.02134847112906596085533189385
Delivery,60022,0.03253796095444685466377440347,0.03148897885739991003148897886,0.02518703241895261845386533666,0.02814207650273224043715846995
Delivery,60029,0.02346546466922974943656370145,0.02591221575885774722369116869,0.02518818760856977417486971627,0.02193388940376892184121099784
Delivery,60070,0.02389549005448696908028622071,0.02731133616465207448546226723,0.02321748477248298101039054102,0.01962264150943396226415094340
Delivery,60074,0.03100184923311215054933101273,0.02955252034792328920250113529,0.02610759493670886075949367089,0.01937872865665500925735445382
Delivery,60126,0.02048894062863795110593713620,0.01869827779020353388503690450,0.01989431147031395710289089214,0.01425126068844551633413725060
Delivery,60131,0.03158295281582952815829528158,0.03256880733944954128440366972,0.02906000839278220730172052035,0.02217968925917586129250168881
Delivery,60163,0.03056822383828423517810920744,0.03009147809340394800192585460,0.02732534661461838740072688114,0.01961055102886341665515812733
Delivery,60192,0.02398019027759676788739736739,0.02122905027932960893854748603,0.02086250350042005040604872585,0.01114503816793893129770992366
Delivery,60193,0.02292768959435626102292768959,0.02367760194523059752062821382,0.02249598286020353508302088913,0.01628800148072740733885521262
Delivery,60201,0.02250451379932937838534949703,0.02108735347823525946869293750,0.02218217107999445445723000139,0.02253302253302253302253302253
Delivery,60455,0.03202915228231683927886459532,0.03736400927412163367219546995,0.03123389341305020101020513349,0.02134310660773957098199849089
Delivery,60462,0.02284619697252849934591665109,0.02199052995811327627026042615,0.02329693187727509100364014561,0.01712142624198282422002391564
Delivery,60473,0.03326935380678182981445937300,0.02704443013522215067611075338,0.04122245913290689410092395167,0.02555003548616039744499645138
Delivery,60624,0.04095171588188347964884277733,0.04555303851078498965822909485,0.04326252996599208340302168702,0.03585254005121791435888273480
Delivery,60625,0.03810335203736890037897705573,0.03615861083170098999417650484,0.03512402891508443564594019017,0.02792661146289982139957785355
Delivery,60639,0.03871780582947689772975068447,0.03722542311847317248829672308,0.03543375807296212253447373014,0.02535480784563865412214957742
Delivery,60706,0.035,0.02948372122200614766953139703,0.03042496117464351263588874771,0.02398811734125510582992944671
Delivery,60062,0.01989936992883368840941027152,0.01927601809954751131221719457,0.01683043587805492567397329302,0.01405469937052311699587584111
Delivery,60068,0.02550807058626745839257338797,0.02622898700472916583873147081,0.02635110952040085898353614889,0.02031198454215561525048305764
Delivery,60076,0.03022718521370812475933769734,0.02760914760914760914760914761,0.03022770209804116535746246396,0.02359608449252962390520350335